"X1.501","Company.Names","Company.Names2","Min.Value","Max.Value","Change","Perc.Change"
1,"Agilent Technologies","Agilent Technologies",25.55,28.56,3.01,0.117808219178082
2,"Alcoa","Alcoa",12.56,10.57,-1.99,-0.15843949044586
3,"Apple","Apple",169.22,249.64,80.42,0.475239333412126
4,"AmerisourceBergen Corp","AmerisourceBergen Corp",21.05,28.92,7.87,0.373871733966746
5,"Abbott Laboratories","ACE Limited",45.39,53.51,8.12,0.178894029521921
6,NA,"",45.32,NA,NA,NA
7,"Adobe Systems","Adobe Systems",32.84,27.92,-4.92,-0.149817295980512
8,"Analog Devices","Analog Devices",28.42,29.62,1.2,0.0422237860661506
9,"Archer-Daniels-Midland","Archer-Daniels-Midland",28.67,30.52,1.85,0.0645273805371468
10,"Automatic Data Processing","Automatic Data Processing",39.07,39.4,0.329999999999998,0.00844637829536725
11,"Autodesk","Autodesk",24.51,28.11,3.6,0.1468788249694
12,"Ameren Corp","Ameren Corp",27.05,27.14,0.0899999999999999,0.0033271719038817
13,"American Electric Power","American Electric Power",31.49,34.82,3.33,0.105747856462369
14,"AES Corp","AES Corp",14.26,10.4,-3.86,-0.270687237026648
15,"Aetna","Aetna",29.62,27.11,-2.51,-0.0847400405131668
16,"AFLAC","AFLAC",41.87,46.63,4.76000000000001,0.113685216145212
17,"Allergan plc","Allergan plc",55.43,62.96,7.53,0.13584701425221
18,"American International Group","American International Group",32.85,35.17,2.32,0.0706240487062405
19,"Apartment Investment & Mgmt","Apartment Investment & Mgmt",11.95,19.71,7.76,0.649372384937239
20,"Assurant","Assurant",29.24,36.36,7.12,0.243502051983584
21,"Akamai Technologies","Akamai Technologies",18.42,47.86,29.44,1.59826275787188
22,NA,NA,20.87,13.46,-7.41,-0.355055103018687
23,"Allstate Corp","Allstate Corp",28.63,27.75,-0.879999999999999,-0.030736989172197
24,"Altera Corp","Altera Corp",19.48,25.6,6.12,0.314168377823409
25,"Applied Materials","Applied Materials",13.74,11.09,-2.65,-0.192867540029112
26,NA,NA,3.7,6.25,2.55,0.689189189189189
27,"Amgen","",60.64,NA,NA,NA
28,"Ameriprise Financial","Ameriprise Financial",29.82,43.13,13.31,0.44634473507713
29,"American Tower","American Tower",33.12,47.43,14.31,0.432065217391304
30,"Amazon.com","Amazon.com",85,127.76,42.76,0.503058823529412
31,"AutoNation","AutoNation",19.11,23.42,4.31,0.225536368393511
32,NA,NA,32.55,36.39,3.84,0.117972350230415
33,NA,"Aon Plc",41.67,36.91,-4.76000000000001,-0.114230861531078
34,"Apache Corp","Apache Corp",88.87,90.53,1.66,0.0186789692809722
35,"Anadarko Petroleum","Anadarko Petroleum",53.89,48.7,-5.19,-0.0963072926331415
36,"Air Products & Chemicals","Air Products & Chemicals",76.64,75.01,-1.63,-0.021268267223382
37,"Amphenol Corp A","Amphenol Corp A",33.35,41.66,8.31,0.249175412293853
38,NA,"Airgas",64.84,66.25,1.41,0.0217458359037631
39,"Allegheny Technologies","Allegheny Technologies",29.25,43.7,14.45,0.494017094017094
40,"AvalonBay Communities","AvalonBay Communities",65.16,104.45,39.29,0.602977286678944
41,NA,NA,32.66,29,-3.66,-0.112063686466626
42,"Avery Dennison Corp","Avery Dennison Corp",31.3,33.81,2.51,0.0801916932907349
43,"American Express","American Express",32.85,40.76,7.91,0.240791476407915
44,NA,NA,25.8,22.04,-3.76,-0.145736434108527
45,"AutoZone","AutoZone",153.25,213.07,59.82,0.390342577487765
46,"Boeing Co","Boeing Co",45.87,64.6,18.73,0.408327883148027
47,"Bank of America","Bank of America",17.46,12.87,-4.59,-0.262886597938144
48,"Baxter International","Baxter International",56.29,44.57,-11.72,-0.2082074968911
49,"Bed Bath & Beyond","Bed Bath & Beyond",35.81,38.34,2.53,0.0706506562412734
50,"BB&T Corp","BB&T Corp",28.03,23.11,-4.92,-0.175526221905102
51,"Best Buy","Best Buy",37.49,32.5,-4.99,-0.133102160576154
52,"Bard (C.R.)","Bard (C.R.)",75.56,78.82,3.25999999999999,0.0431445209105346
53,NA,"",44.82,NA,NA,NA
54,"Becton Dickinson","Becton Dickinson",68.85,70.82,1.97,0.0286129266521423
55,"Franklin Resources","Franklin Resources",94.57,98.92,4.35000000000001,0.0459976736808714
56,NA,NA,44.77,61.25,16.48,0.368103640830913
57,"Baker Hughes","Baker Hughes",38.71,39.01,0.299999999999997,0.00774993541720478
58,NA,NA,23.81,31.8,7.99,0.335573288534229
59,"Biogen","Biogen",49.97,55.38,5.41,0.108264958975385
60,NA,"",15.45,NA,NA,NA
61,"Bank of New York Mellon","Bank of New York Mellon",29.12,24.65,-4.47,-0.153502747252747
62,"Ball Corp","Ball Corp",50.08,57.14,7.06,0.140974440894569
63,NA,NA,35.45,37.67,2.22,0.06262341325811
64,NA,NA,26.92,29.44,2.52,0.0936106983655275
65,"Bristol-Myers Squibb","Bristol-Myers Squibb",22.57,26.44,3.87,0.171466548515729
66,NA,"",84.77,NA,NA,NA
67,"Broadcom Corp",NA,28.02,77.73,49.71,1.77408993576017
68,"Boston Scientific","Boston Scientific",11.37,5.69,-5.68,-0.499560246262093
69,NA,NA,35.84,44.92,9.08,0.253348214285714
70,"Boston Properties","Boston Properties",59.4,81.23,21.83,0.367508417508418
71,"Citigroup","Citigroup",4.7,3.75,-0.95,-0.202127659574468
72,"CA","CA",22.99,18.35,-4.64,-0.201826881252718
73,"ConAgra Foods","ConAgra Foods",20.21,21.45,1.24,0.0613557644730331
74,"Cardinal Health","Cardinal Health",35.63,31.14,-4.49,-0.126017401066517
75,"Cameron International","Cameron International",36.66,36.84,0.180000000000007,0.00490998363338808
76,"Caterpillar","Caterpillar",47.3,68.86,21.56,0.455813953488372
77,"Chubb Corp","Chubb Corp",49.04,53.39,4.35,0.0887030995106036
78,NA,"",32.76,NA,NA,NA
79,"CBRE Group","CBRE Group",12.11,16.34,4.23,0.349298100743188
80,"CBS Corp","CBS Corp",10.74,13.61,2.87,0.267225325884544
81,"Coca-Cola Enterprises","Coca-Cola Enterprises",20.41,29.02,8.61,0.421852033317001
82,"Carnival Corp","Carnival Corp",30.88,31.79,0.91,0.0294689119170984
83,NA,NA,31.32,28.9,-2.42,-0.0772669220945084
84,"Celgene Corp","Celgene Corp",53.15,53.67,0.520000000000003,0.0097836312323613
85,NA,"Cerner Corp",56.9,75.34,18.44,0.324077328646749
86,"CF Industries Holdings",NA,81.79,22.81,-58.98,-0.721115050739699
87,"Chesapeake Energy","Chesapeake Energy",23.79,20.38,-3.41,-0.14333753678016
88,"C.H. Robinson Worldwide","C.H. Robinson Worldwide",57.57,66.16,8.59,0.149209657807886
89,"Cigna Corp","Cigna Corp",29.87,32.41,2.54,0.0850351523267491
90,NA,"",13.43,NA,NA,NA
91,"Cincinnati Financial","Cincinnati Financial",24.9,26.92,2.02,0.081124497991968
92,"Colgate-Palmolive",NA,73.16,61.28,-11.88,-0.162383816293056
93,"Clorox Co","Clorox Co",58.69,64.42,5.73,0.0976316237859943
94,"Comerica","Comerica",27.09,35.34,8.25,0.304540420819491
95,"Comcast Corp","Comcast Corp",15.07,17.81,2.74,0.181818181818182
96,"CME Group","CME Group",276.12,237.69,-38.43,-0.139178617992177
97,"Cummins","Cummins",47.03,79.51,32.48,0.690623006591537
98,"CMS Energy","CMS Energy",13.57,17.04,3.47,0.255711127487104
99,"CenterPoint Energy","CenterPoint Energy",12.8,14.55,1.75,0.13671875
100,"CONSOL Energy","CONSOL Energy",40.45,34.11,-6.34,-0.156736711990111
101,"Capital One Financial","Capital One Financial",36.48,37.78,1.3,0.0356359649122808
102,"Cabot Oil & Gas","Cabot Oil & Gas",37.65,29.28,-8.37,-0.222310756972112
103,"Coach","Coach",28.75,37.31,8.56,0.297739130434783
104,"Rockwell Collins","Rockwell Collins",44.4,55.29,10.89,0.24527027027027
105,"ConocoPhillips","ConocoPhillips",44.2,53.89,9.69,0.219230769230769
106,"Costco Wholesale","Costco Wholesale",48.56,55.04,6.48,0.133443163097199
107,"Campbell Soup","Campbell Soup",31.12,36.64,5.52,0.177377892030848
108,NA,NA,7.38,7.43,0.0499999999999998,0.00677506775067748
109,NA,NA,53.67,112.75,59.08,1.10080119247252
110,"Computer Sciences","Computer Sciences",49.68,42.02,-7.66,-0.154186795491143
111,"Cisco Systems","Cisco Systems",22.19,22.23,0.0399999999999991,0.00180261378999545
112,"CSX Corp","CSX Corp",45.06,49.79,4.73,0.10497114957834
113,"Cintas Corp","Cintas Corp",27.7,26.19,-1.51,-0.0545126353790613
114,"CenturyLink","CenturyLink",31.73,35.99,4.26,0.134257800189096
115,"Cognizant Technology Solutions","Cognizant Technology Solutions",34.46,59.61,25.15,0.729831688914684
116,"Citrix Systems","Citrix Systems",35.38,59.21,23.83,0.673544375353307
117,NA,"",10.84,NA,NA,NA
118,NA,NA,22.74,20.02,-2.72,-0.119613016710642
119,"CVS Health Corp","CVS Health Corp",35.72,27.99,-7.73,-0.216405375139978
120,"Chevron Corp","Chevron Corp",69.73,75.05,5.31999999999999,0.0762942779291552
121,"Dominion Resources","Dominion Resources",34.22,43.93,9.71,0.28375219170076
122,"Du Pont (E.I.)","Du Pont (E.I.)",32.71,40.34,7.63,0.233261999388566
123,"Deere & Co","Deere & Co",44.8,65.13,20.33,0.453794642857143
124,NA,NA,14.49,12.07,-2.42,-0.167011732229124
125,NA,NA,18.11,10.09,-8.02,-0.442849254555494
126,"Discover Financial Services","Discover Financial Services",13.51,14.27,0.76,0.0562546262028127
127,"Quest Diagnostics","Quest Diagnostics",54.89,46.38,-8.51,-0.155037347422117
128,"D.R.Horton","D.R.Horton",12.66,10.27,-2.39,-0.188783570300158
129,"Danaher Corp","Danaher Corp",61.9,36.33,-25.57,-0.413085621970921
130,"Walt Disney Co","Discovery Communications",26.79,37.82,11.03,0.411720791340052
131,"Dun & Bradstreet","Dun & Bradstreet",74.63,67.97,-6.66,-0.0892402519094198
132,NA,NA,16.77,14.69,-2.08,-0.124031007751938
133,"Diamond Offshore Drilling","Diamond Offshore Drilling",90,59.03,-30.97,-0.344111111111111
134,"Dover Corp","Dover Corp",35.52,46.18,10.66,0.300112612612613
135,"Dow Chemical","Dow Chemical",22.63,24.43,1.8,0.0795404330534689
136,"Dr. Pepper Snapple Group","Dr. Pepper Snapple Group",27.25,36.76,9.51,0.348990825688073
137,"Darden Restaurants","Darden Restaurants",33.27,41.27,8,0.240456868049294
138,"DTE Energy","DTE Energy",35.34,45.91,10.57,0.299094510469722
139,"DIRECTV","DIRECTV",24.8,38.05,13.25,0.534274193548387
140,"Duke Energy","Duke Energy",15.61,17.06,1.45,0.0928891736066624
141,NA,NA,52.91,37.98,-14.93,-0.282177282177282
142,"DaVita HealthCare Partner","DaVita HealthCare Partner",52.38,63.82,11.44,0.218403970981291
143,"Devon Energy","Devon Energy",64.33,62.14,-2.19,-0.0340432146743354
144,NA,"",2.02,NA,NA,NA
145,"eBay","eBay",22.08,23.37,1.29,0.0584239130434784
146,"Ecolab","Ecolab",42.98,47.45,4.47000000000001,0.104001861330852
147,"Consolidated Edison","Consolidated Edison",40.5,46.7,6.2,0.153086419753086
148,"Equifax","Equifax",27.97,30.13,2.16,0.0772255988559171
149,"Edison International","Edison International",34,33.86,-0.140000000000001,-0.00411764705882355
150,NA,NA,4.34,3.77,-0.57,-0.131336405529954
151,"Estee Lauder Co","Estee Lauder Co",35.84,57.39,21.55,0.601283482142857
152,"EMC Corp","EMC Corp",15.29,18.69,3.4,0.222367560497057
153,"Eastman Chemical","Eastman Chemical",55.02,60.94,5.91999999999999,0.10759723736823
154,"Emerson Electric","Emerson Electric",36.02,46.68,10.66,0.295946696279844
155,"EOG Resources","EOG Resources",75.79,91.42,15.63,0.206227734529621
156,NA,NA,9.71,11.5,1.79,0.184346035015448
157,"Equity Residential","Equity Residential",27.65,44.85,17.2,0.622061482820977
158,"EQT Corp","EQT Corp",41.5,33.54,-7.96,-0.191807228915663
159,NA,NA,19.44,15.79,-3.65,-0.187757201646091
160,"Express Scripts Holding","Express Scripts Holding",70.86,45.36,-25.5,-0.359864521591871
161,"ENSCO Plc","",38.85,NA,NA,NA
162,"E Trade Financial","E Trade Financial",1.41,13.62,12.21,8.65957446808511
163,"Eaton Corp Plc","Eaton Corp Plc",55.37,73.04,17.67,0.319125880440672
164,"Entergy Corp","Entergy Corp",81.78,77.46,-4.32000000000001,-0.0528246515040353
165,"Exelon Corp","Exelon Corp",51.14,40.41,-10.73,-0.209816190848651
166,"Expeditors International,Wash","Expeditors International,Wash",33.49,41.65,8.16,0.243654822335025
167,"Expedia","Expedia",22.9,23.64,0.740000000000002,0.0323144104803494
168,"Ford Motor","Ford Motor",7.74,11.77,4.03,0.520671834625323
169,"Fastenal Co","Fastenal Co",37.17,48.01,10.84,0.291633037395749
170,"Freeport-McMoRan","Freeport-McMoRan",65.06,71.37,6.31,0.0969873962496158
171,"Family Dollar Stores","Family Dollar Stores",29.72,42.83,13.11,0.441117092866756
172,"FedEx Corp","FedEx Corp",67.87,81.23,13.36,0.196846913216443
173,"FirstEnergy Corp","FirstEnergy Corp",45.38,35.84,-9.54,-0.210224768620538
174,NA,NA,13.61,10.27,-3.34,-0.245407788390889
175,NA,NA,26.95,20.49,-6.46,-0.239703153988868
176,"Fidelity National Information Services","Fidelity National Information Services",24.85,26.49,1.64,0.0659959758551307
177,"Fiserv","Fiserv",49.09,51.26,2.16999999999999,0.0442045223059685
178,"Fifth Third Bancorp","Fifth Third Bancorp",10.909,11.56,0.651,0.0596754972958108
179,"FLIR Systems","FLIR Systems",23.05,26.36,3.31,0.143600867678959
180,"Fluor Corp","Fluor Corp",55.87,46.59,-9.27999999999999,-0.166099874709146
181,"Flowserve Corp","FMC Corp",91.12,61.84,-29.28,-0.321334503950834
182,NA,NA,40.49,42.58,2.09,0.0516176833786119
183,NA,"",58.03,NA,NA,NA
184,NA,"First Solar",28.78,125.03,96.25,3.34433634468381
185,"FMC Technologies","FMC Technologies",47.93,61.63,13.7,0.285833507197997
186,"Frontier Communications","Frontier Communications",7.04,7.72,0.68,0.096590909090909
187,"AGL Resources","AGL Resources",37.72,42.1,4.38,0.116118769883351
188,NA,NA,8.16,12.32,4.16,0.509803921568627
189,"Genl Dynamics","Genl Dynamics",58.49,60.23,1.73999999999999,0.0297486749871772
190,"Genl Electric","Genl Electric",14.21,15.03,0.819999999999999,0.0577058409570724
191,NA,NA,53.58,66.89,13.31,0.248413587159388
192,"Gilead Sciences","Gilead Sciences",46.09,32.64,-13.45,-0.291820351486223
193,"Genl Mills","Genl Mills",59.61,35.14,-24.47,-0.410501593692333
194,"Corning","Corning",16.09,16.1,0.0100000000000016,0.000621504039776356
195,"GameStop Corp","GameStop Corp",23.13,18.81,-4.32,-0.186770428015564
196,"Genworth Financial","Genworth Financial",8.41,11.36,2.95,0.35077288941736
197,NA,NA,465.24,462.02,-3.22000000000003,-0.00692115897171358
198,"Genuine Parts","Genuine Parts",38.84,42.96,4.12,0.106076210092688
199,"Gap","Gap",19.48,17.32,-2.16,-0.11088295687885
200,NA,NA,57.03,72.25,15.22,0.266877082237419
201,"Goldman Sachs Group","Goldman Sachs Group",163.51,148.24,-15.27,-0.0933887835606384
202,"Goodyear Tire & Rub","Goodyear Tire & Rub",17.97,9.85,-8.12,-0.451864218141347
203,"Grainger (W.W.)","Grainger (W.W.)",89.82,107.68,17.86,0.198842128701848
204,"Halliburton Co","Halliburton Co",25.05,27.82,2.77,0.110578842315369
205,"Harman International","Harman International",28.67,30.71,2.04,0.0711545169166376
206,"Hasbro","Hasbro",27.01,42.47,15.46,0.57238059977786
207,"Huntington Bancshares","Huntington Bancshares",4.62,5.39,0.77,0.166666666666667
208,"Hudson City Bancorp","Hudson City Bancorp",13.37,11.955,-1.415,-0.105833956619297
209,"Health Care REIT","Health Care REIT",43.01,45.08,2.07,0.0481283422459893
210,"HCP","HCP",28.46,34.19,5.73,0.201335207308503
211,"Home Depot","Home Depot",27.5,28.17,0.670000000000002,0.0243636363636364
212,"Hess Corp","Hess Corp",52.93,51.24,-1.69,-0.0319289627810315
213,"Hartford Finl Services Gp","Hartford Finl Services Gp",20.56,20.13,-0.43,-0.0209143968871595
214,NA,NA,39.03,47.1,8.07,0.206764027671022
215,"Harley-Davidson","Harley-Davidson",22.21,25.21,3,0.135074290859973
216,"Honeywell International","Honeywell International",36.32,40.64,4.32,0.118942731277533
217,"Starwood Hotels&Res World","Helmerich & Payne",30.35,36.33,5.98,0.197034596375618
218,"Hewlett-Packard","Hewlett-Packard",44.78,39.85,-4.93,-0.110093791871371
219,"H & R Block","H & R Block",17.61,13.47,-4.14,-0.235093696763203
220,"Hormel Foods","Hormel Foods",37.99,43.48,5.48999999999999,0.144511713608844
221,"Harris Corp","Harris Corp",35.23,42.76,7.53,0.213738291229066
222,"Hospira","Hospira",40.32,51.32,11,0.27281746031746
223,"Host Hotels & Resorts","Host Hotels & Resorts",10.58,13.43,2.85,0.26937618147448
224,"Hershey Co","Hershey Co",39.66,47.74,8.08000000000001,0.203731719616742
225,"Humana","Humana",36.05,48.51,12.46,0.345631067961165
226,"International Bus. Machines","International Bus. Machines",119.9,127.5,7.59999999999999,0.0633861551292743
227,"Intercontinental Exchange","Intercontinental Exchange",95.94,97.05,1.11,0.0115697310819262
228,"International Flavors/Fragr","International Flavors/Fragr",36.31,45.83,9.52,0.262186725419994
229,NA,NA,20.79,15.33,-5.46,-0.262626262626263
230,"Intel Corp","Intel Corp",18.8901,18.91,0.0198999999999998,0.00105346186626856
231,"Intuit","Intuit",28.62,44.6,15.98,0.558350803633823
232,"International Paper","International Paper",21.18,21.21,0.0300000000000011,0.0014164305949009
233,"Interpublic GroupCompanies","Interpublic GroupCompanies",6.47,8.57,2.1,0.324574961360124
234,"Iron Mountain","Iron Mountain",29.55,21.58,-7.97,-0.269712351945855
235,"Intuitive Surgical","Intuitive Surgical",230.74,293.5,62.76,0.271994452630667
236,NA,NA,50.95,44.17,-6.78,-0.133071638861629
237,"Illinois Tool Works","Illinois Tool Works",42.29,42.1,-0.189999999999998,-0.00449278789311889
238,"INVESCO Ltd","INVESCO Ltd",20.25,18.5,-1.75,-0.0864197530864197
239,NA,"",9.35,NA,NA,NA
240,NA,NA,10.71,11.17,0.459999999999999,0.0429505135387487
241,"Johnson Controls","Johnson Controls",25.49,28.03,2.54,0.099646920360926
242,NA,NA,31.26,21.18,-10.08,-0.322456813819578
243,NA,NA,6.52,10.42,3.9,0.598159509202454
244,"Jacobs Engineering Group","Jacobs Engineering Group",46.79,35.4,-11.39,-0.243428082923702
245,"Johnson & Johnson","Johnson & Johnson",61.03,58.74,-2.29,-0.0375225299033262
246,"Juniper Networks","Juniper Networks",24.61,27.24,2.63,0.106867127184071
247,NA,NA,13.69,10,-3.69,-0.269539810080351
248,"JPMorgan Chase & Co","JPMorgan Chase & Co",43.66,37.14,-6.52,-0.14933577645442
249,"Nordstrom","Nordstrom",28.17,31.77,3.6,0.127795527156549
250,"Kellogg Co","Kellogg Co",47.35,49.75,2.4,0.0506863780359028
251,NA,"",17.73,NA,NA,NA
252,"KeyCorp","KeyCorp",6.73,7.64,0.909999999999999,0.135215453194651
253,NA,NA,28.81,29.1,0.290000000000003,0.0100659493231518
254,NA,NA,10.5,9.24,-1.26,-0.12
255,"Kimco Realty","Kimco Realty",12.05,14.38,2.33,0.193360995850622
256,"KLA-Tencor Corp","KLA-Tencor Corp",31.4,29.72,-1.68,-0.0535031847133758
257,"Kimberly-Clark","CarMax",59.53,21.56,-37.97,-0.637829665714766
258,"Coca-Cola Co","Coca-Cola Co",49.91,55.3,5.39,0.107994389901823
259,"Kroger Co","Kroger Co",21.38,21.13,-0.25,-0.0116931711880262
260,"Kohl's Corp","Kohl's Corp",52.36,46.32,-6.04,-0.115355233002292
261,"Loews Corp","Loews Corp",33.15,36.29,3.14,0.0947209653092006
262,"Leggett & Platt","Leggett & Platt",18.88,19.58,0.699999999999999,0.0370762711864406
263,"Lennar Corp","Lennar Corp",14.52,12.77,-1.75,-0.120523415977961
264,"Laboratory Corp American Holdings","Laboratory Corp American Holdings",69.84,75.76,5.92,0.0847651775486827
265,NA,NA,46.19,44.33,-1.86,-0.0402684563758389
266,"L-3 Communications Holdings","L-3 Communications Holdings",74.76,69.27,-5.49000000000001,-0.0734349919743179
267,"Linear Technology Corp","Linear Technology Corp",27.02,30.1,3.08,0.1139896373057
268,"Lilly (Eli)","Lilly (Eli)",33.45,34.17,0.719999999999999,0.02152466367713
269,"Legg Mason","Legg Mason",28.63,27.22,-1.41,-0.0492490394690884
270,"Lockheed Martin","Lockheed Martin",74.92,73.2,-1.72,-0.0229578216764549
271,"Lincoln National","Lincoln National",25.07,21.33,-3.74,-0.14918228958915
272,NA,NA,74.87,74.74,-0.13000000000001,-0.00173634299452397
273,"Lowe'sCompanies","Lowe'sCompanies",21.16,20.64,-0.52,-0.0245746691871455
274,NA,NA,5.05,4.42,-0.63,-0.124752475247525
275,NA,NA,15.35,25.56,10.21,0.66514657980456
276,"Leucadia National","Leucadia National",25.57,20.37,-5.2,-0.20336331638639
277,"Southwest Airlines","Southwest Airlines",8.68,11.27,2.59,0.298387096774194
278,NA,NA,17.32,37.26,19.94,1.15127020785219
279,"Macy's","Macy's",15.35,20.97,5.62,0.366123778501629
280,"MasterCard","MasterCard",207.25,206.37,-0.879999999999995,-0.00424607961399274
281,"Marriott International","Marriott International",24.69,33.57,8.88,0.359659781287971
282,"Masco Corp","Masco Corp",14.36,10.56,-3.8,-0.264623955431755
283,"Mattel","Mattel",18.18,21.73,3.55,0.195269526952695
284,NA,"",5.47,NA,NA,NA
285,"McDonald's Corp","McDonald's Corp",56.27,73.08,16.81,0.298738226408388
286,"Microchip Technology","Microchip Technology",26.73,28.61,1.88,0.0703329592218481
287,"McKesson Corp","McKesson Corp",56.24,61.67,5.43,0.0965504978662873
288,"Moody's Corp","Moody's Corp",26.05,21.71,-4.34,-0.166602687140115
289,NA,NA,27.95,30.17,2.22,0.0794275491949911
290,"Medtronic Plc","Medtronic Plc",37.8,34.77,-3.02999999999999,-0.08015873015873
291,NA,NA,30.43,32.06,1.63,0.0535655603023333
292,"MetLife","MetLife",38.93,37.28,-1.65,-0.0423837657333675
293,NA,NA,41.22,47.03,5.81,0.140950994662785
294,NA,NA,29.67,28.18,-1.49,-0.0502190765082576
295,NA,NA,55.63,45.26,-10.37,-0.186410210318174
296,NA,NA,7.29,6.36,-0.93,-0.127572016460905
297,NA,"Mead Johnson Nutrition",67.93,53.41,-14.52,-0.213749447961137
298,"McCormick & Co","McCormick & Co",32.54,40.9,8.36,0.256914566687154
299,"Marsh & McLennan","Marsh & McLennan",23.81,23.14,-0.669999999999998,-0.0281394372112557
300,"3M Co","3M Co",72.64,80.66,8.02,0.110407488986784
301,"Altria Group","Altria Group",18.04,22.71,4.67,0.258869179600887
302,NA,NA,18.24,18.39,0.150000000000002,0.00822368421052643
303,"Monsanto Co","Monsanto Co",83.78,57.73,-26.05,-0.310933396992122
304,NA,NA,7.58,7.48,-0.0999999999999996,-0.0131926121372031
305,"Merck & Co","Merck & Co",32.56,34.44,1.88,0.0577395577395576
306,"Marathon Oil","Marathon Oil",31.84,31.52,-0.32,-0.0100502512562814
307,"Morgan Stanley","Morgan Stanley",29.69,25.92,-3.77,-0.126978780734254
308,"Microsoft Corp","Microsoft Corp",24.41,24.23,-0.18,-0.00737402703809913
309,"M&T Bank","M&T Bank",60.44,89.76,29.32,0.485109199205824
310,NA,"",6.89,NA,NA,NA
311,"Micron Technology","Micron Technology",7.14,7.12,-0.0199999999999996,-0.00280112044817921
312,"Murphy Oil","Murphy Oil",59.3,54.9,-4.4,-0.0741989881956155
313,NA,NA,22.11,21.79,-0.32,-0.0144730890999548
314,NA,NA,15.44,10.92,-4.52,-0.292746113989637
315,"Mylan NV","Mylan NV",14.39,17.54,3.15,0.218902015288395
316,"Noble Energy","Noble Energy",61.6,67.1,5.49999999999999,0.0892857142857142
317,NA,NA,18.8,16.51,-2.29,-0.121808510638298
318,"Nasdaq OMX Group","NextEra Energy",20.84,53.29,32.45,1.55710172744722
319,"Newmont Mining","Newmont Mining",40.84,58.02,17.18,0.420666013712047
320,"NiSource","NiSource",13.57,16.5,2.93,0.215917464996315
321,"NIKE","NIKE",55.65,71.26,15.61,0.280503144654088
322,"Northrop Grumman","Northrop Grumman",49.96,57.37,7.41,0.148318654923939
323,"Natl Oilwell Varco","Natl Oilwell Varco",39.39,38.23,-1.16,-0.0294490987560295
324,NA,"NRG Energy",4.69,20.73,16.04,3.42004264392324
325,"Norfolk Southern","Norfolk Southern",47.54,54.44,6.9,0.145140933950358
326,NA,NA,15.16,13.36,-1.8,-0.118733509234829
327,"NetApp","NetApp",21.98,40.53,18.55,0.843949044585987
328,"Northern Trust","Northern Trust",60.35,48.305,-12.045,-0.199585749792875
329,NA,NA,24.31,28.54,4.23,0.174002468120115
330,"Nucor Corp","Nucor Corp",47.15,38.37,-8.78,-0.186214209968187
331,"NVIDIA Corp","NVIDIA Corp",13.93,9.97,-3.96,-0.284278535534817
332,NA,NA,17.52,24.81,7.29,0.416095890410959
333,"Newell Rubbermaid","Newell Rubbermaid",13.69,15.34,1.65,0.120525931336742
334,"News Corporation","News Corporation",11.17,12.73,1.56,0.139659803043868
335,NA,NA,8.06,7.72,-0.340000000000001,-0.0421836228287842
336,NA,NA,27.93,28.46,0.530000000000001,0.0189760114572145
337,NA,NA,5.37,4.01,-1.36,-0.253258845437616
338,"Owens-Illinois","ONEOK",34.95,43.99,9.04,0.25865522174535
339,"Omnicom Group","Omnicom Group",36.53,36.45,-0.0799999999999983,-0.00218998083766762
340,"Oracle Corp","Oracle Corp",22.11,23.02,0.91,0.0411578471279964
341,"O'Reilly Automotive","O'Reilly Automotive",38.23,47.82,9.59,0.250850117708606
342,"Occidental Petroleum","Occidental Petroleum",74.78,75.06,0.280000000000001,0.00374431666220916
343,"Paychex","Paychex",28.4,25.38,-3.02,-0.106338028169014
344,"People's United Financial","People's United Financial",16.36,13.24,-3.12,-0.190709046454768
345,NA,"",36.01,NA,NA,NA
346,"Pitney Bowes","Pitney Bowes",22.45,19.76,-2.69,-0.119821826280624
347,"PACCAR","PACCAR",37.18,42.18,5,0.134480903711673
348,"PG&E Corp","PG&E Corp",40.66,45.86,5.2,0.127889818002951
349,"Plum Creek Timber","Priceline Group (The)",31.37,302.36,270.99,8.63850812878546
350,"Precision Castparts","Precision Castparts",86.67,119.24,32.57,0.375793238721588
351,NA,NA,8.01,8.98,0.970000000000001,0.121098626716604
352,"PattersonCompanies","PattersonCompanies",27.43,26.93,-0.5,-0.01822821728035
353,"Public Svc Enterprises","Public Svc Enterprises",32.87,31.73,-1.14,-0.0346820809248554
354,"PepsiCo","PepsiCo",57.49,64.8,7.31,0.127152548269264
355,"Pfizer","Pfizer",16.64,15.92,-0.720000000000001,-0.0432692307692308
356,"Principal Financial Group","Principal Financial Group",27.74,22.39,-5.35,-0.192862292718097
357,"Procter & Gamble","Procter & Gamble",53.58,59.98,6.4,0.119447555057857
358,NA,NA,39.45,42.14,2.69,0.0681875792141951
359,"Progressive Corp,Ohio","Progressive Corp,Ohio",16.84,19.45,2.61,0.154988123515439
360,"Parker-Hannifin","Parker-Hannifin",49.49,63.23,13.74,0.277631844817135
361,"PulteGroup","PulteGroup",12.67,8.04,-4.63,-0.365430149960537
362,"PerkinElmer","PerkinElmer",18.21,21.07,2.86,0.157056562328391
363,"Prologis","Prologis",9.99,10.05,0.0600000000000005,0.00600600600600606
364,NA,NA,30.59,35.56,4.97,0.162471395881007
365,"Philip Morris International","Philip Morris International",46.87,51.98,5.11,0.109024962662684
366,"PNC Financial Services","PNC Financial Services",42.86,52.73,9.87,0.230284647690154
367,"Pinnacle West Capital","Pinnacle West Capital",33.41,39.28,5.87,0.175695899431308
368,"Pepco Holdings","Pepco Holdings",14.59,17.85,3.26,0.223440712816998
369,"PPG Indus","PPG Indus",54.55,65.4,10.85,0.198900091659029
370,"PPL Corp","PPL Corp",29.6,26.56,-3.04,-0.102702702702703
371,"Prudential Financial","Prudential Financial",49.94,52.44,2.5,0.0500600720865038
372,"Public Storage","Public Storage",70.33,97.75,27.42,0.389876297454856
373,NA,NA,26.07,32.36,6.29,0.241273494438051
374,"Quanta Services","Quanta Services",23.04,18.85,-4.19,-0.181857638888889
375,"Praxair","Praxair",78.5,88.35,9.84999999999999,0.125477707006369
376,"Pioneer Natural Resources","Pioneer Natural Resources",30.87,57.95,27.08,0.877227081308714
377,NA,NA,3.79,5.65,1.86,0.490765171503958
378,"QUALCOMM","QEP Resources",47.29,31.01,-16.28,-0.344258828504969
379,NA,NA,14.51,14.89,0.380000000000001,0.0261888352860097
380,"Ryder System","Ryder System",39.9,39.32,-0.579999999999998,-0.0145363408521303
381,"Reynolds American","Reynolds American",46.12,56.64,10.52,0.228100607111882
382,NA,NA,22.11,25.21,3.1,0.140208050655812
383,"Regions Financial","Regions Financial",5.86,6.82,0.96,0.16382252559727
384,"Robert Half International","Robert Half International",26.46,22.82,-3.64,-0.137566137566138
385,"Red Hat","Red Hat",22.28,32.54,10.26,0.460502692998205
386,"Ralph Lauren Corp","Ralph Lauren Corp",67.03,83.04,16.01,0.238848276890944
387,"Rockwell Automation","Ross Stores",40.25,49.81,9.56,0.237515527950311
388,"Range Resources","Range Resources",51.64,33.47,-18.17,-0.351859024012393
389,NA,NA,18.01,15.64,-2.37,-0.131593559133815
390,"Republic Services","Republic Services",26.02,30.51,4.49,0.172559569561876
391,NA,NA,15.19,19.01,3.82,0.251481237656353
392,"Raytheon Co","Raytheon Co",48.22,43.75,-4.47,-0.0927001244296972
393,NA,"",13.81,NA,NA,NA
394,NA,NA,3.9,15.55,11.65,2.98717948717949
395,"Starbucks Corp","Starbucks Corp",19.71,24.05,4.34,0.220192795535261
396,"SCANA Corp","SCANA Corp",34.74,38.46,3.72,0.107081174438687
397,"Schwab(Charles)Corp","Schwab(Charles)Corp",18.01,14.13,-3.88,-0.215435868961688
398,"Spectra Energy","Spectra Energy",19.1,20.98,1.88,0.0984293193717277
399,"Sealed Air","Sealed Air",18.78,21.22,2.44,0.129925452609159
400,NA,"",28.24,NA,NA,NA
401,NA,NA,66.02,61.59,-4.42999999999999,-0.06710087852166
402,"Sherwin-Williams","Sherwin-Williams",62.08,68.34,6.26000000000001,0.100837628865979
403,"Sigma-Aldrich","Sigma-Aldrich",52.09,53.725,1.635,0.0313879823382607
404,NA,NA,29.04,39.24,10.2,0.351239669421488
405,"Smucker (J.M.)","Smucker (J.M.)",54.1,59.65,5.55,0.102587800369686
406,"Schlumberger Ltd","Schlumberger Ltd",56.56,56.46,-0.100000000000001,-0.00176803394625179
407,NA,NA,9.65,14.8,5.15,0.533678756476684
408,NA,NA,8.72,11.44,2.72,0.311926605504587
409,"Snap-On","Snap-On",38.02,40.93,2.91,0.0765386638611256
410,"SanDisk Corp","SanDisk Corp",16.88,41.5,24.62,1.4585308056872
411,"Scripps Networks Interact","Scripps Networks Interact",33.66,41.33,7.67,0.227866904337493
412,"Southern Co","Southern Co",31.51,35.78,4.27,0.135512535702951
413,"Simon Property Group","Simon Property Group",62.21,88.97,26.76,0.43015592348497
414,"Staples","Staples",22.49,18.93,-3.56,-0.158292574477546
415,"Stericycle","Stericycle",51.5,65.92,14.42,0.28
416,"Sempra Energy","Sempra Energy",51.5,50.54,-0.960000000000001,-0.0186407766990291
417,"SunTrust Banks","SunTrust Banks",22.64,24,1.36,0.0600706713780918
418,"St. Jude Medical","St. Jude Medical",37.79,36.58,-1.21,-0.0320190526594337
419,NA,"",34.79,NA,NA,NA
420,"State Street Corp","State Street Corp",53.52,36.89,-16.63,-0.310724962630792
421,"Constellation Brands","Constellation Brands",14.82,16.66,1.84,0.124156545209177
422,NA,NA,26.05,35.01,8.96,0.343953934740883
423,NA,NA,14.53,10.08,-4.45,-0.306262904335857
424,"Stanley Black & Decker","Stanley Black & Decker",42.02,55.05,13.03,0.310090433127082
425,"Southwestern Energy","Southwestern Energy",41.48,33.71,-7.77,-0.18731918997107
426,NA,NA,19.21,20.01,0.800000000000001,0.0416449765747007
427,"Stryker Corp","Stryker Corp",41.76,45.81,4.05,0.0969827586206898
428,"Symantec Corp","Symantec Corp",15.54,13.8,-1.74,-0.111969111969112
429,"Sysco Corp","Sysco Corp",25.2,28.48,3.28,0.13015873015873
430,"AT&T","AT&T",26,26.45,0.449999999999999,0.0173076923076923
431,"Molson Coors Brewing","Molson Coors Brewing",46.3,45.92,-0.379999999999995,-0.0082073434125269
432,"Teradata Corp","Teradata Corp",26.38,30.49,4.11,0.155799848369977
433,"TECO Energy","TECO Energy",13.59,16.41,2.82,0.207505518763797
434,NA,NA,35.46,48.93,13.47,0.379864636209814
435,NA,NA,8.18,9.49,1.31,0.160146699266504
436,"Target Corp","Target Corp",45.66,52.15,6.49,0.142137538326763
437,"Tenet Healthcare","Tenet Healthcare",4.55,4.23,-0.319999999999999,-0.0703296703296702
438,NA,NA,8.22,19.33,11.11,1.35158150851581
439,"Tiffany & Co","Tiffany & Co",32.1,43.3,11.2,0.348909657320872
440,"TJX Companies","TJX Companies",35.86,41.78,5.92,0.165086447295036
441,NA,NA,6.69,7.14,0.449999999999999,0.0672645739910313
442,"Torchmark Corp","Torchmark Corp",42.2,49.49,7.29,0.172748815165877
443,"Thermo Fisher Scientific","Thermo Fisher Scientific",45.67,44.2,-1.47,-0.0321874315743376
444,"T.Rowe Price Group","T.Rowe Price Group",46.64,46.09,-0.549999999999997,-0.0117924528301886
445,"TravelersCompanies","TravelersCompanies",48.2,50.09,1.89,0.0392116182572614
446,"Tyson Foods","Tyson Foods",11.82,16.62,4.8,0.406091370558376
447,"Tesoro Petroleum Co","Tesoro Petroleum Co",13.44,11.32,-2.12,-0.157738095238095
448,"Total System Services","Total System Services",15.36,14.19,-1.17,-0.076171875
449,"Time Warner Cable","Time Warner Cable",35.92,53.79,17.87,0.497494432071269
450,"Time Warner","Time Warner",28.28,30.31,2.03,0.0717821782178217
451,"Texas Instruments","Texas Instruments",24.54,24.7,0.16,0.006519967400163
452,"Textron","Textron",14.58,17.89,3.31,0.227023319615912
453,"UnitedHealth Group","UnitedHealth Group",28.92,31.61,2.69,0.0930152143845089
454,"Unum Group","Unum Group",22.15,20.33,-1.82,-0.0821670428893905
455,"Union Pacific","Union Pacific",61.95,74.26,12.31,0.198708635996772
456,"United Parcel Service","Urban Outfitters",53.62,32.95,-20.67,-0.385490488623648
457,"U.S. Bancorp","U.S. Bancorp",22.28,21.74,-0.540000000000003,-0.0242369838420109
458,"United Technologies","Visa",58.71,70.1,11.39,0.194004428547096
459,"Varian Medical Systems","Varian Medical Systems",40.04,54.22,14.18,0.354145854145854
460,"VF Corp","VF Corp",67.05,75.54,8.49000000000001,0.12662192393736
461,NA,NA,26.03,35.96,9.93,0.381482904341145
462,"Valero Energy","Valero Energy",18.49,16.54,-1.95,-0.105462412114657
463,"Vulcan Materials","Vulcan Materials",49.71,38.9,-10.81,-0.217461275397304
464,"Vornado Realty Trust","Vornado Realty Trust",56.82,81.06,24.24,0.426610348468849
465,"VeriSign","VeriSign",20.94,29.37,8.43,0.402578796561605
466,"Ventas","Ventas",39.01,50.25,11.24,0.288131248397847
467,"Verizon Communications","Verizon Communications",31.37,29.37,-2,-0.0637551801083838
468,NA,NA,31.63,28.45,-3.18,-0.100537464432501
469,"Waters Corp","Waters Corp",51.8,62.68,10.88,0.21003861003861
470,"Western Digital","Western Digital",32.85,24.66,-8.19,-0.249315068493151
471,"WEC Energy Group","WEC Energy Group",45.88,55.63,9.75,0.212510897994769
472,"Wells Fargo","Wells Fargo",27.94,24.6,-3.34,-0.119541875447387
473,NA,NA,28.78,36.72,7.94,0.275886031966643
474,NA,NA,17,10.48,-6.52,-0.383529411764706
475,"Whirlpool Corp","Whirlpool Corp",64.09,77.58,13.49,0.210485255110001
476,NA,NA,8.6,11.19,2.59,0.301162790697674
477,NA,NA,54.64,49.89,-4.75,-0.0869326500732064
478,"Waste Management","Waste Management",30.06,33.6,3.54,0.117764471057884
479,"WilliamsCompanies","WilliamsCompanies",17.38,18.65,1.27,0.07307249712313
480,"Wal-Mart Stores","Wal-Mart Stores",51.36,50.22,-1.14,-0.022196261682243
481,NA,NA,35.24,42.19,6.95,0.1972190692395
482,NA,NA,456.89,347.68,-109.21,-0.23902908796428
483,"Western Union","Western Union",18.58,15.94,-2.64,-0.142088266953714
484,"Weyerhaeuser Co","Weyerhaeuser Co",37.02,16.15,-20.87,-0.563749324689357
485,NA,"",48.02,NA,NA,NA
486,"Wyndham Worldwide","Wyndham Worldwide",16.31,24.75,8.44,0.517473942366646
487,"Wynn Resorts","Wynn Resorts",56.95,87.6,30.65,0.538191395961369
488,NA,NA,44.86,47.06,2.2,0.0490414623272404
489,"Xcel Energy","Xcel Energy",19.87,21.87,2,0.100654252642174
490,"XL Group Plc","XL Group Plc",15.77,17.63,1.86,0.117945466074826
491,"Xilinx","Xilinx",22.39,25.45,3.06,0.13666815542653
492,"Exxon Mobil","Exxon Mobil",69.92,58.89,-11.03,-0.15775171624714
493,"DENTSPLY International","DENTSPLY International",34.55,29.46,-5.09,-0.147322720694645
494,"Xerox Corp","Xerox Corp",8.45,8.97,0.520000000000001,0.0615384615384617
495,NA,"",41.29,NA,NA,NA
496,"Yahoo","Yahoo",14.79,13.79,-1,-0.0676132521974307
497,"Yum Brands","Yum Brands",36.02,42.32,6.3,0.174902831760133
498,NA,NA,18.22,19.14,0.920000000000002,0.0504939626783755
499,NA,NA,47.24,49.82,2.58,0.054614733276884
500,"Average","Average",37.8923428857715,42.0723547094188,4.18001182364731,0.1103128364548
501,"","",NA,NA,NA,NA
